Customerid,Name,Age,Street,City,State,Zip
1,Jenny Lamb,75,15189 Hernandez Garden,North Tammy,Texas,73284
2,Monique Butler,32,09420 Reynolds Well,West Beverlymouth,Oregon,82505
3,Dennis Forbes,23,3002 Williams Crossing Suite 435,Dariusstad,Vermont,92804
4,Emily Smith,55,67877 Baker Fork,South Shelialand,Kentucky,58671
5,Roy Moss,45,47909 Washington Shoal Suite 231,New Joeberg,Texas,44723
6,Carlos Davis,28,601 Tyrone Plains Apt. 902,West Cynthiaborough,Oregon,49079
7,Jason Joseph,30,941 Ryan Mill,Taraside,Ohio,91874
8,Hunter Arellano,65,57439 Kara Passage Suite 863,Dariusview,Indiana,50042
9,Brian Carter,59,7993 Jessica Lodge Apt. 271,Anthonyfort,New Jersey,45224
10,Heather Jimenez,22,449 Morris Stravenue Apt. 434,West Maryberg,Iowa,54242
11,Alyssa Russell,43,692 Nicholson Branch,Marioberg,Nebraska,32611
12,Jordan Moody,18,39947 Bryce Plain,New Dakota,Virginia,42636
13,Justin Mcclure,22,597 Terri Mount,New Michaelshire,Iowa,09142
14,Keith Rasmussen,21,5728 Grant Parkway Apt. 864,East David,Massachusetts,48022
15,Brian Carr,42,3329 Wilson Courts Suite 748,East Hollychester,Montana,46012
16,Carolyn Glover,71,46238 Maria Mission Suite 876,East Michelle,California,58136
17,Sean Krause,52,713 Sarah Ranch,Gregoryburgh,Ohio,65911
18,Angela Butler,55,68916 Hunt Mountain Suite 496,New Michael,Indiana,86845
19,Brandon Aguilar,37,5262 Gonzales Freeway,Lake Staceyview,Utah,82606
20,Andrea Kemp,70,5935 Benson Branch,North Natalieview,Texas,48126
21,Randall Adkins,37,795 Gross Passage Apt. 991,Curtisberg,New York,07713
22,Bryan Murphy,25,6686 Hall Walks Apt. 352,Dunnview,Utah,47678
23,Teresa Rubio,67,28500 Lisa Radial Suite 607,Alberthaven,New Hampshire,94677
24,Melissa Martin,73,248 Christopher Trail,East Spencerfurt,Pennsylvania,71509
25,Ian Barrett,32,2360 Martinez Lights,Mahoneyshire,Illinois,97023
26,Richard Brooks,31,48254 White Alley Apt. 379,Johnsonbury,North Carolina,24924
27,Eric Castillo PhD,73,466 Smith Pine Suite 665,West Lisastad,Connecticut,04766
28,Laura Bryant,57,515 Daniel Stravenue Apt. 843,West Jasminemouth,Iowa,12934
29,Julia Garcia,24,0336 Elizabeth Pass,East Chelseaberg,Utah,63719
30,Kristen Garcia,62,165 Jackson Manors Apt. 855,South Robertfurt,Virginia,09893
31,Abigail Coleman,41,95162 Moran Ramp Apt. 343,Tinaview,Maryland,44295
32,Beth Smith,54,67661 Jennifer Trail,South Linda,South Dakota,95392
33,Sara Khan,77,535 Amy Corners Apt. 899,New Rebeccaton,Michigan,64520
34,Angela Hess,78,8573 White Islands,Schneidershire,Texas,05866
35,Carla Doyle,28,309 Travis Estate Suite 138,Carlsonhaven,Illinois,93759
36,Anthony Christian,47,3590 Ayala Circles Apt. 660,Wandamouth,Georgia,60916
37,Andrew Huffman,36,25694 Monica Rest,Andradeport,South Dakota,59498
38,Olivia Hardy,66,08146 Tiffany Stravenue,Kathyburgh,Vermont,70507
39,Julie Hall,51,51049 Cline Plain,Christinahaven,Arizona,16070
40,Matthew Morgan,32,1989 Megan Prairie,West Christina,Michigan,18528
41,Zachary Cain,35,3930 Fisher Tunnel Suite 475,Jasonville,North Carolina,78497
42,Jennifer Gomez,28,857 Morton Flat Apt. 077,Lake Andrew,North Carolina,26303
43,Stacey Lee,32,00862 Fitzgerald Divide Suite 707,Lake Linda,Tennessee,01255
44,Richard Marshall,38,80871 Lawrence Falls,Port Carolyn,South Dakota,23528
45,Angela Wright,57,66324 Perez Corners Apt. 246,East Danaside,Arizona,34788
46,Rebecca Gallegos,34,122 Douglas Forest,Dayburgh,Nevada,92215
47,Danny Savage,24,96280 Owens Circle,Andrewberg,Illinois,50476
48,Joshua Reid,27,8591 Joseph Junction,North Patrick,Maryland,55941
49,Daniel Short,34,92042 Medina Orchard,Jonesfurt,Idaho,78086
50,Jennifer Lewis,79,135 Katelyn Gardens,Jessechester,Alaska,89348
51,Alicia Middleton,21,709 Tamara Knolls,Sanchezchester,New Jersey,34102
52,James Byrd,32,232 Jimmy Groves Apt. 327,East Jennifer,Alaska,56111
53,Jennifer Black,28,3752 Jon Mountains,New Brandy,Massachusetts,72468
54,Mary Nelson,56,8612 Joseph Glens Apt. 180,Lake Melissa,Texas,29043
55,Kathy Mendez,49,524 Hill Stravenue,Collierland,Oregon,34578
56,Timothy Lewis,71,8461 Rodriguez Burg,Wardhaven,Utah,84247
57,Adam Park,61,06204 Lauren Drive,New Taylor,Connecticut,11628
58,Anthony Gallegos,55,62597 Mallory Way,South Roy,Nebraska,60487
59,Sherry Marshall,27,727 Reilly Inlet,Debrabury,New York,86951
60,Diamond Morales,55,8566 Kimberly Island Suite 179,Watsonmouth,New Mexico,19709
61,Todd Guzman,54,47070 Joshua Pike,South Nancy,Missouri,03236
62,Damon Lopez,69,9121 Copeland Knolls Apt. 005,Lake Amanda,Massachusetts,35304
63,Thomas Rodriguez,61,506 Adkins Loop Suite 960,New Dawn,Ohio,08806
64,Kelly Stone,53,37470 Mariah Estates Suite 846,Ronniefort,Tennessee,67402
65,Jeffrey Martin,23,24088 Ryan Shoal,Michellemouth,West Virginia,46400
66,Michelle Avila,63,220 Robinson Groves,Elizabethbury,New Jersey,22891
67,Mary Mckinney,69,195 Hill Lights,South Tricia,Minnesota,20856
68,Francisco Love,41,42833 David Ranch,Lorimouth,Illinois,78833
69,Amanda Mcintosh,80,39054 Catherine Stravenue,Wilsonton,New Jersey,06207
70,Jennifer Rose,80,618 Stephen Heights,Phillipsmouth,Florida,94202
71,Marie Rogers,48,75035 Sarah Crossing,New Kelly,Arizona,36692
72,Andrea Perry,19,0533 Woods Inlet Apt. 616,North Charles,Montana,91462
73,Jessica Fitzpatrick,28,753 Perry Mountain,Emilyburgh,North Carolina,64303
74,Donald Lloyd,78,114 Alvarez Plains,North Wesley,Delaware,98422
75,Amy Mitchell,69,62548 Hurley Curve,East Maryburgh,North Dakota,19351
76,James Klein,80,8764 Campbell Parkway,North Nicole,Kansas,13326
77,Janice Payne,79,208 Andre Motorway Suite 497,Ronaldfurt,Kentucky,97513
78,Elizabeth Cruz,22,57217 Johnson Extensions,South Michael,Alabama,05900
79,Daniel Wright,27,3577 Meadows Cape Suite 427,Rosariofurt,Mississippi,42446
80,Jessica Burke,18,1487 Rios Shores,Colemanland,Kansas,60869
81,Ralph Gallagher,46,540 Chapman Ways Apt. 150,Port Jessicaside,West Virginia,38286
82,Nicole Wood,78,9495 Green Mall,Andersonbury,Virginia,54623
83,Andrew Thomas,49,54684 Lisa Mountains,East John,California,52765
84,Frederick Hanson,77,15054 Rubio Spurs,Flemingland,Maine,97671
85,Angela Bell,71,18753 Anne Rapid,Josephmouth,Louisiana,26360
86,Nicole Ford,27,682 Bailey Points Apt. 116,Lake Kimton,Kentucky,65032
87,Colin Evans,51,200 Stacy Crescent Suite 477,Lake Julietown,Tennessee,52567
88,Scott Anderson,40,1448 Myers Glens Suite 785,Lake Mitchellfurt,Indiana,19131
89,Ricardo Braun,26,24129 Baird Creek,East Natashamouth,Indiana,92962
90,Edward Maldonado,46,1183 George Mountains Apt. 527,Carrollburgh,Oklahoma,20850
91,Joseph Hooper,42,138 Karen Mountains,Port Jessica,New Hampshire,05738
92,Brian Matthews DVM,27,0263 Munoz Estates Apt. 534,Lake Mark,Montana,65360
93,Edward Escobar,26,89786 Gregory Drives Suite 487,Rogerschester,Idaho,25066
94,Brian Vargas,31,8830 Cole Ville,Coopershire,Oklahoma,77805
95,Anthony Russo,26,3019 Shelton Roads Apt. 574,Aliciaberg,Georgia,19900
96,Joel Jackson,78,65452 Patricia Brook,Port Danielbury,Mississippi,45775
97,Stephen Moore,75,70545 Bullock Cove,Melissaburgh,North Carolina,70017
98,Matthew White,50,09849 Anderson Radial Apt. 132,Jonesside,Vermont,23027
99,Sandra Johnson,37,16735 Cole Prairie,Port James,Louisiana,70690
100,Linda Smith,75,8925 Murphy Green,West Leslieshire,California,65261
